本 公 司 有 部 分 普 通 发 票 商 品 销 售 发 票 增 值 税 发 票 及 海 关 代 征 增 值 税 专 用 缴 款 书 及 其 它 服 务 行 业 发 票 公 路 内 河 运 输 发 票 可 以 以 低 税 率 为 贵 公 司 代 开 本 公 司 具 有 内 外 贸 生 意 实 力 保 证 我 司 开 具 的 票 据 的 真 实 性 希 望 可 以 合 作 共 同 发 展 敬 侯 您 的 来 电 洽 谈 咨 询 联 系 人 李 先 生 联 系 电 话 如 有 打 扰 望 谅 解 祝 商 琪,0.0
本 公 司 有 部 分 普 通 发 票 商 品 销 售 发 票 增 值 税 发 票 及 海 关 代 征 增 值 税 专 用 缴 款 书 及 其 它 服 务 行 业 发 票 公 路 内 河 运 输 发 票 可 以 以 低 税 率 为 贵 公 司 代 开 本 公 司 具 有 内 外 贸 生 意 实 力 保 证 我 司 开 具 的 票 据 的 真 实 性 希 望 可 以 合 作 共 同 发 展 敬 侯 您 的 来 电 洽 谈 咨 询 联 系 人 李 先 生 联 系 电 话 如 有 打 扰 望 谅 解 祝 商 琪,0.0
网 址 电 话 网 站 制 作 复 制 你 所 见 的 网 站 就 是 你 的 网 上 家 园 为 您 提 供 最 可 靠 的 域 名 主 机 服 务 网 站 建 设 邮 件 群 发 百 度 首 页 推 广 发 广 告 服 务 等 网 址 电 话 价 格 全 国 最 低 客 户 就 是 上 帝 我 希 望 所 有 我 接 待 的 客 户 都 成 为 我 的 朋 友,0.0
本 公 司 有 部 分 普 通 发 票 商 品 销 售 发 票 增 值 税 发 票 及 海 关 代 征 增 值 税 专 用 缴 款 书 及 其 它 服 务 行 业 发 票 公 路 内 河 运 输 发 票 可 以 以 低 税 率 为 贵 公 司 代 开 本 公 司 具 有 内 外 贸 生 意 实 力 保 证 我 司 开 具 的 票 据 的 真 实 性 希 望 可 以 合 作 共 同 发 展 敬 侯 您 的 来 电 洽 谈 咨 询 联 系 人 李 先 生 联 系 电 话 如 有 打 扰 望 谅 解 祝 商 琪,0.0
本 公 司 有 部 分 普 通 发 票 商 品 销 售 发 票 增 值 税 发 票 及 海 关 代 征 增 值 税 专 用 缴 款 书 及 其 它 服 务 行 业 发 票 公 路 内 河 运 输 发 票 可 以 以 低 税 率 为 贵 公 司 代 开 本 公 司 具 有 内 外 贸 生 意 实 力 保 证 我 司 开 具 的 票 据 的 真 实 性 希 望 可 以 合 作 共 同 发 展 敬 侯 您 的 来 电 洽 谈 咨 询 联 系 人 李 先 生 联 系 电 话 如 有 打 扰 望 谅 解 祝 商 琪,0.0
贵 公 司 经 理 你 好 本 公 司 为 广 州 市 荣 兴 贸 易 有 限 公 司 本 着 双 方 公 司 利 益 的 出 发 点 可 向 外 代 开 普 通 国 地 税 发 票 商 品 销 售 发 票 运 输 发 票 餐 饮 发 票 广 告 发 票 服 务 行 业 等 等 普 通 发 票 只 收 个 税 点 如 贵 公 司 在 这 方 面 上 有 需 要 可 来 电 咨 询 欢 迎 诚 意 的 合 作 联 系 人 唐 娜 联 系 电 话 联 系 手 机,0.0
本 公 司 有 部 分 普 通 发 票 商 品 销 售 发 票 增 值 税 发 票 及 海 关 代 征 增 值 税 专 用 缴 款 书 及 其 它 服 务 行 业 发 票 公 路 内 河 运 输 发 票 可 以 以 低 税 率 为 贵 公 司 代 开 本 公 司 具 有 内 外 贸 生 意 实 力 保 证 我 司 开 具 的 票 据 的 真 实 性 希 望 可 以 合 作 共 同 发 展 敬 侯 您 的 来 电 洽 谈 咨 询 联 系 人 李 先 生 联 系 电 话 如 有 打 扰 望 谅 解 祝 商 琪,0.0
本 公 司 有 部 分 普 通 发 票 商 品 销 售 发 票 增 值 税 发 票 及 海 关 代 征 增 值 税 专 用 缴 款 书 及 其 它 服 务 行 业 发 票 公 路 内 河 运 输 发 票 可 以 以 低 税 率 为 贵 公 司 代 开 本 公 司 具 有 内 外 贸 生 意 实 力 保 证 我 司 开 具 的 票 据 的 真 实 性 希 望 可 以 合 作 共 同 发 展 敬 侯 您 的 来 电 洽 谈 咨 询 联 系 人 李 先 生 联 系 电 话 如 有 打 扰 望 谅 解 祝 商 琪,0.0
您 好 邮 件 无 法 发 送 到 您 指 定 的 地 址 该 邮 箱 内 存 储 信 件 过 多 已 超 出 所 限 制 的 使 用 空 间 无 法 再 接 收 新 邮 件 请 您 通 知 该 邮 箱 用 户 及 时 清 理 自 己 邮 箱 内 的 信 件 以 避 免 因 接 收 不 到 新 邮 件 而 带 来 的 不 必 要 的 损 失 谢 谢 您 的 配 合 附 件 中 的 内 容 是 原 信 件 的 一 份 拷 贝,0.0
本 公 司 有 部 分 普 通 发 票 商 品 销 售 发 票 增 值 税 发 票 及 海 关 代 征 增 值 税 专 用 缴 款 书 及 其 它 服 务 行 业 发 票 公 路 内 河 运 输 发 票 可 以 以 低 税 率 为 贵 公 司 代 开 本 公 司 具 有 内 外 贸 生 意 实 力 保 证 我 司 开 具 的 票 据 的 真 实 性 希 望 可 以 合 作 共 同 发 展 敬 侯 您 的 来 电 洽 谈 咨 询 联 系 人 李 先 生 联 系 电 话 如 有 打 扰 望 谅 解 祝 商 琪,0.0
妇 科 囊 肿 不 开 刀 盆 腔 积 液 几 瓶 消 新 乡 市 花 园 妇 幼 门 诊 多 年 来 研 制 的 中 药 对 治 疗 妇 科 囊 肿 盆 腔 炎 附 件 炎 输 卵 管 炎 输 卵 管 阻 塞 不 孕 有 特 效 本 门 诊 开 展 多 种 妇 科 手 术 技 高 诚 信 优 质 安 全 无 痛 人 流 术 更 是 技 高 一 筹 就 象 睡 了 几 分 钟 妇 炎 二 号 名 声 在 外 不 少 人 千 里 买 药 真 是 谁 用 谁 知 道 祥 情 请 点 击 中 文 网 址 花 园 妇 幼 门 诊,0.0
妇 科 囊 肿 不 开 刀 盆 腔 积 液 几 瓶 消 新 乡 市 花 园 妇 幼 门 诊 多 年 来 研 制 的 中 药 对 治 疗 妇 科 囊 肿 盆 腔 炎 附 件 炎 输 卵 管 炎 输 卵 管 阻 塞 不 孕 有 特 效 本 门 诊 开 展 多 种 妇 科 手 术 技 高 诚 信 优 质 安 全 无 痛 人 流 术 更 是 技 高 一 筹 就 象 睡 了 几 分 钟 妇 炎 二 号 名 声 在 外 不 少 人 千 里 买 药 真 是 谁 用 谁 知 道 祥 情 请 点 击 中 文 网 址 花 园 妇 幼 门 诊,0.0
妇 科 囊 肿 不 开 刀 盆 腔 积 液 几 瓶 消 新 乡 市 花 园 妇 幼 门 诊 多 年 来 研 制 的 中 药 对 治 疗 妇 科 囊 肿 盆 腔 炎 附 件 炎 输 卵 管 炎 输 卵 管 阻 塞 不 孕 有 特 效 本 门 诊 开 展 多 种 妇 科 手 术 技 高 诚 信 优 质 安 全 无 痛 人 流 术 更 是 技 高 一 筹 就 象 睡 了 几 分 钟 妇 炎 二 号 名 声 在 外 不 少 人 千 里 买 药 真 是 谁 用 谁 知 道 祥 情 请 点 击 中 文 网 址 花 园 妇 幼 门 诊,0.0
本 公 司 有 部 分 普 通 发 票 商 品 销 售 发 票 增 值 税 发 票 及 海 关 代 征 增 值 税 专 用 缴 款 书 及 其 它 服 务 行 业 发 票 公 路 内 河 运 输 发 票 可 以 以 低 税 率 为 贵 公 司 代 开 本 公 司 具 有 内 外 贸 生 意 实 力 保 证 我 司 开 具 的 票 据 的 真 实 性 希 望 可 以 合 作 共 同 发 展 敬 侯 您 的 来 电 洽 谈 咨 询 联 系 人 李 先 生 联 系 电 话 如 有 打 扰 望 谅 解 祝 商 琪,0.0
妇 科 囊 肿 不 开 刀 盆 腔 积 液 几 瓶 消 新 乡 市 花 园 妇 幼 门 诊 多 年 来 研 制 的 中 药 对 治 疗 妇 科 囊 肿 盆 腔 炎 附 件 炎 输 卵 管 炎 输 卵 管 阻 塞 不 孕 有 特 效 本 门 诊 开 展 多 种 妇 科 手 术 技 高 诚 信 优 质 安 全 无 痛 人 流 术 更 是 技 高 一 筹 就 象 睡 了 几 分 钟 妇 炎 二 号 名 声 在 外 不 少 人 千 里 买 药 真 是 谁 用 谁 知 道 祥 情 请 点 击 中 文 网 址 花 园 妇 幼 门 诊,0.0
妇 科 囊 肿 不 开 刀 盆 腔 积 液 几 瓶 消 新 乡 市 花 园 妇 幼 门 诊 多 年 来 研 制 的 中 药 对 治 疗 妇 科 囊 肿 盆 腔 炎 附 件 炎 输 卵 管 炎 输 卵 管 阻 塞 不 孕 有 特 效 本 门 诊 开 展 多 种 妇 科 手 术 技 高 诚 信 优 质 安 全 无 痛 人 流 术 更 是 技 高 一 筹 就 象 睡 了 几 分 钟 妇 炎 二 号 名 声 在 外 不 少 人 千 里 买 药 真 是 谁 用 谁 知 道 祥 情 请 点 击 中 文 网 址 花 园 妇 幼 门 诊,0.0
本 公 司 有 部 分 普 通 发 票 商 品 销 售 发 票 增 值 税 发 票 及 海 关 代 征 增 值 税 专 用 缴 款 书 及 其 它 服 务 行 业 发 票 公 路 内 河 运 输 发 票 可 以 以 低 税 率 为 贵 公 司 代 开 本 公 司 具 有 内 外 贸 生 意 实 力 保 证 我 司 开 具 的 票 据 的 真 实 性 希 望 可 以 合 作 共 同 发 展 敬 侯 您 的 来 电 洽 谈 咨 询 联 系 人 李 先 生 联 系 电 话 如 有 打 扰 望 谅 解 祝 商 琪,0.0
贵 公 司 财 务 经 理 本 公 司 是 深 圳 市 海 天 实 业 有 限 公 司 成 立 于 深 圳 多 年 有 良 好 的 贸 易 信 誉 长 期 为 各 大 公 司 代 开 电 脑 发 票 和 各 种 地 税 发 票 广 告 运 输 建 筑 安 装 服 务 行 业 价 格 优 惠 并 以 和 各 大 公 司 长 期 合 作 为 目 的 承 诺 所 开 发 票 可 到 税 务 抵 扣 验 证 欢 迎 有 意 着 来 电 咨 询 联 系 电 话 联 系 人 张 永 健 深 圳 市 海 天 实 业 有 限 公 司,0.0
本 公 司 有 部 分 普 通 发 票 商 品 销 售 发 票 增 值 税 发 票 及 海 关 代 征 增 值 税 专 用 缴 款 书 及 其 它 服 务 行 业 发 票 公 路 内 河 运 输 发 票 可 以 以 低 税 率 为 贵 公 司 代 开 本 公 司 具 有 内 外 贸 生 意 实 力 保 证 我 司 开 具 的 票 据 的 真 实 性 希 望 可 以 合 作 共 同 发 展 敬 侯 您 的 来 电 洽 谈 咨 询 联 系 人 李 先 生 联 系 电 话 如 有 打 扰 望 谅 解 祝 商 琪,0.0
贵 公 司 财 务 经 理 本 公 司 是 深 圳 市 海 天 实 业 有 限 公 司 成 立 于 深 圳 多 年 有 良 好 的 贸 易 信 誉 长 期 为 各 大 公 司 代 开 电 脑 发 票 和 各 种 地 税 发 票 广 告 运 输 建 筑 安 装 服 务 行 业 价 格 优 惠 并 以 和 各 大 公 司 长 期 合 作 为 目 的 承 诺 所 开 发 票 可 到 税 务 抵 扣 验 证 欢 迎 有 意 着 来 电 咨 询 联 系 电 话 联 系 人 张 永 健 深 圳 市 海 天 实 业 有 限 公 司,0.0
贵 公 司 经 理 你 好 本 公 司 为 广 州 市 荣 兴 贸 易 有 限 公 司 本 着 双 方 公 司 利 益 的 出 发 点 可 向 外 代 开 普 通 国 地 税 发 票 商 品 销 售 发 票 运 输 发 票 餐 饮 发 票 广 告 发 票 服 务 行 业 等 等 普 通 发 票 只 收 个 税 点 如 贵 公 司 在 这 方 面 上 有 需 要 可 来 电 咨 询 欢 迎 诚 意 的 合 作 联 系 人 唐 娜 联 系 电 话 联 系 手 机,0.0
贵 公 司 经 理 你 好 本 公 司 为 广 州 市 荣 兴 贸 易 有 限 公 司 本 着 双 方 公 司 利 益 的 出 发 点 可 向 外 代 开 普 通 国 地 税 发 票 商 品 销 售 发 票 运 输 发 票 餐 饮 发 票 广 告 发 票 服 务 行 业 等 等 普 通 发 票 只 收 个 税 点 如 贵 公 司 在 这 方 面 上 有 需 要 可 来 电 咨 询 欢 迎 诚 意 的 合 作 联 系 人 唐 娜 联 系 电 话 联 系 手 机,0.0
国 家 企 业 培 训 师 资 格 认 证 考 试 通 知 今 年 下 半 年 第 二 期 企 业 培 训 师 资 格 认 证 培 训 班 定 于 月 日 开 班 想 参 加 本 届 国 家 统 一 考 试 的 学 员 请 在 月 份 之 前 准 备 好 相 关 资 料 报 名 由 于 人 数 众 多 报 名 从 速 额 满 为 止 敬 请 谅 解 详 情 请 见 咨 询 电 话 杨 老 师 小 时 服 务 热 线 张 老 师,0.0
卫 洗 丽 折 美 标 折 数 百 种 建 材 产 品 特 价 销 售 更 多 特 色 服 务 免 费 提 供 装 潢 预 算 装 潢 专 家 在 线 答 疑 数 千 张 装 潢 照 片 可 供 查 询 建 材 淘 宝 乐 超 特 价 满 载 数 百 种 建 材 产 品 组 织 团 购 欲 知 更 多 团 购 产 品 的 价 格 请 登 陆 网 站 还 会 广 大 网 友 提 供 在 线 答 疑 免 费 制 作 装 潢 预 算 等 帮 助 千 万 别 错 过 这 个 机 会,0.0
本 公 司 有 部 分 普 通 发 票 商 品 销 售 发 票 增 值 税 发 票 及 海 关 代 征 增 值 税 专 用 缴 款 书 及 其 它 服 务 行 业 发 票 公 路 内 河 运 输 发 票 可 以 以 低 税 率 为 贵 公 司 代 开 本 公 司 具 有 内 外 贸 生 意 实 力 保 证 我 司 开 具 的 票 据 的 真 实 性 希 望 可 以 合 作 共 同 发 展 敬 侯 您 的 来 电 洽 谈 咨 询 联 系 人 李 先 生 联 系 电 话 如 有 打 扰 望 谅 解 祝 商 琪,0.0
致 贵 公 司 财 务 我 司 是 广 州 平 云 贸 易 有 限 公 司 在 广 东 有 一 定 的 经 济 能 力 和 相 当 的 社 会 地 位 近 来 由 于 业 务 括 展 经 研 究 决 定 对 外 代 开 结 余 的 商 品 服 务 广 告 建 筑 等 一 系 列 发 票 所 收 税 点 依 所 开 之 数 量 取 决 本 公 司 宗 旨 是 所 开 出 发 票 皆 可 验 证 后 付 款 如 有 需 欢 迎 来 电 咨 询 联 系 人 罗 先 生 联 系 电 话 广 州 平 云 贸 易 有 限 公 司,0.0
国 家 企 业 培 训 师 资 格 认 证 考 试 通 知 今 年 下 半 年 第 二 期 企 业 培 训 师 资 格 认 证 培 训 班 定 于 月 日 开 班 想 参 加 本 届 国 家 统 一 考 试 的 学 员 请 在 月 份 之 前 准 备 好 相 关 资 料 报 名 由 于 人 数 众 多 报 名 从 速 额 满 为 止 敬 请 谅 解 详 情 请 见 咨 询 电 话 杨 老 师 小 时 服 务 热 线 张 老 师,0.0
国 家 企 业 培 训 师 资 格 认 证 考 试 通 知 今 年 下 半 年 第 二 期 企 业 培 训 师 资 格 认 证 培 训 班 定 于 月 日 开 班 想 参 加 本 届 国 家 统 一 考 试 的 学 员 请 在 月 份 之 前 准 备 好 相 关 资 料 报 名 由 于 人 数 众 多 报 名 从 速 额 满 为 止 敬 请 谅 解 详 情 请 见 咨 询 电 话 杨 老 师 小 时 服 务 热 线 张 老 师,0.0
卫 洗 丽 折 美 标 折 数 百 种 建 材 产 品 特 价 销 售 更 多 特 色 服 务 免 费 提 供 装 潢 预 算 装 潢 专 家 在 线 答 疑 数 千 张 装 潢 照 片 可 供 查 询 建 材 淘 宝 乐 超 特 价 满 载 数 百 种 建 材 产 品 组 织 团 购 欲 知 更 多 团 购 产 品 的 价 格 请 登 陆 网 站 还 会 广 大 网 友 提 供 在 线 答 疑 免 费 制 作 装 潢 预 算 等 帮 助 千 万 别 错 过 这 个 机 会,0.0
转 让 超 薄 蓝 光 播 放 机 一 台 可 播 放 等 光 盘 各 种 接 口 齐 全 端 子 色 差 视 频 输 入 铜 轴 光 钎 重 低 音 中 置 话 筒 左 右 环 绕 等 电 压 自 适 应 随 机 附 送 光 盘 产 品 已 通 过 认 证 证 书 编 号 执 行 标 准 有 意 者 邮 件 联 系,0.0
国 家 企 业 培 训 师 资 格 认 证 考 试 通 知 今 年 下 半 年 第 二 期 企 业 培 训 师 资 格 认 证 培 训 班 定 于 月 日 开 班 想 参 加 本 届 国 家 统 一 考 试 的 学 员 请 在 月 份 之 前 准 备 好 相 关 资 料 报 名 由 于 人 数 众 多 报 名 从 速 额 满 为 止 敬 请 谅 解 详 情 请 见 咨 询 电 话 杨 老 师 小 时 服 务 热 线 张 老 师,0.0
新 时 代 健 康 产 业 作 为 中 国 新 时 代 集 团 的 支 柱 产 业 以 国 珍 牌 松 花 粉 成 功 上 市 为 标 志 迄 今 已 研 制 出 了 以 国 珍 为 主 品 牌 的 系 列 健 康 食 品 和 生 活 用 品 受 益 者 逾 万 被 商 务 部 评 为 级 最 高 级 别 诚 心 企 业 目 前 以 进 入 蓄 势 待 发 阶 段 一 个 创 造 财 富 的 黄 金 时 期 即 将 来 临 详 情 登 陆 电 话,0.0
真 的 太 好 了 这 个 软 件 可 以 合 成 文 字 随 便 你 输 入 什 么 内 容 他 都 能 够 合 成 有 男 声 和 甜 美 的 女 声 朗 读 速 度 可 以 随 便 调 节 还 可 以 保 存 合 成 好 的 语 音 文 件 以 后 你 看 新 闻 时 就 不 用 担 心 眼 睛 累 了 可 以 让 他 来 读 你 泡 杯 茶 坐 在 沙 发 上 听 彻 底 解 放 您 的 眼 睛 犒 劳 您 的 耳 朵 软 件 的 下 载 地 址 是 软 件 完 全 免 费,0.0
网 址 电 话 网 站 制 作 复 制 你 所 见 的 网 站 就 是 你 的 网 上 家 园 为 您 提 供 最 可 靠 的 域 名 主 机 服 务 网 站 建 设 邮 件 群 发 百 度 首 页 推 广 发 广 告 服 务 等 网 址 电 话 价 格 全 国 最 低 客 户 就 是 上 帝 我 希 望 所 有 我 接 待 的 客 户 都 成 为 我 的 朋 友,0.0
真 的 太 好 了 这 个 软 件 可 以 合 成 文 字 随 便 你 输 入 什 么 内 容 他 都 能 够 合 成 有 男 声 和 甜 美 的 女 声 朗 读 速 度 可 以 随 便 调 节 还 可 以 保 存 合 成 好 的 语 音 文 件 以 后 你 看 新 闻 时 就 不 用 担 心 眼 睛 累 了 可 以 让 他 来 读 你 泡 杯 茶 坐 在 沙 发 上 听 彻 底 解 放 您 的 眼 睛 犒 劳 您 的 耳 朵 软 件 的 下 载 地 址 是 软 件 完 全 免 费,0.0
真 的 太 好 了 这 个 软 件 可 以 合 成 文 字 随 便 你 输 入 什 么 内 容 他 都 能 够 合 成 有 男 声 和 甜 美 的 女 声 朗 读 速 度 可 以 随 便 调 节 还 可 以 保 存 合 成 好 的 语 音 文 件 以 后 你 看 新 闻 时 就 不 用 担 心 眼 睛 累 了 可 以 让 他 来 读 你 泡 杯 茶 坐 在 沙 发 上 听 彻 底 解 放 您 的 眼 睛 犒 劳 您 的 耳 朵 软 件 的 下 载 地 址 是 软 件 完 全 免 费,0.0
转 让 超 薄 蓝 光 播 放 机 一 台 可 播 放 等 光 盘 各 种 接 口 齐 全 端 子 色 差 视 频 输 入 铜 轴 光 钎 重 低 音 中 置 话 筒 左 右 环 绕 等 电 压 自 适 应 随 机 附 送 光 盘 产 品 已 通 过 认 证 证 书 编 号 执 行 标 准 有 意 者 邮 件 联 系,0.0
网 址 电 话 网 站 制 作 复 制 你 所 见 的 网 站 就 是 你 的 网 上 家 园 为 您 提 供 最 可 靠 的 域 名 主 机 服 务 网 站 建 设 邮 件 群 发 百 度 首 页 推 广 发 广 告 服 务 等 网 址 电 话 价 格 全 国 最 低 客 户 就 是 上 帝 我 希 望 所 有 我 接 待 的 客 户 都 成 为 我 的 朋 友,0.0
网 址 电 话 网 站 制 作 复 制 你 所 见 的 网 站 就 是 你 的 网 上 家 园 为 您 提 供 最 可 靠 的 域 名 主 机 服 务 网 站 建 设 邮 件 群 发 百 度 首 页 推 广 发 广 告 服 务 等 网 址 电 话 价 格 全 国 最 低 客 户 就 是 上 帝 我 希 望 所 有 我 接 待 的 客 户 都 成 为 我 的 朋 友,0.0
本 公 司 有 部 分 普 通 发 票 商 品 销 售 发 票 增 值 税 发 票 及 海 关 代 征 增 值 税 专 用 缴 款 书 及 其 它 服 务 行 业 发 票 公 路 内 河 运 输 发 票 可 以 以 低 税 率 为 贵 公 司 代 开 本 公 司 具 有 内 外 贸 生 意 实 力 保 证 我 司 开 具 的 票 据 的 真 实 性 希 望 可 以 合 作 共 同 发 展 敬 侯 您 的 来 电 洽 谈 咨 询 联 系 人 李 先 生 联 系 电 话 如 有 打 扰 望 谅 解 祝 商 琪,0.0
网 址 电 话 网 站 制 作 复 制 你 所 见 的 网 站 就 是 你 的 网 上 家 园 为 您 提 供 最 可 靠 的 域 名 主 机 服 务 网 站 建 设 邮 件 群 发 百 度 首 页 推 广 发 广 告 服 务 等 网 址 电 话 价 格 全 国 最 低 客 户 就 是 上 帝 我 希 望 所 有 我 接 待 的 客 户 都 成 为 我 的 朋 友,0.0
转 让 超 薄 蓝 光 播 放 机 一 台 可 播 放 等 光 盘 各 种 接 口 齐 全 端 子 色 差 视 频 输 入 铜 轴 光 钎 重 低 音 中 置 话 筒 左 右 环 绕 等 电 压 自 适 应 随 机 附 送 光 盘 产 品 已 通 过 认 证 证 书 编 号 执 行 标 准 有 意 者 邮 件 联 系,0.0
转 让 超 薄 蓝 光 播 放 机 一 台 可 播 放 等 光 盘 各 种 接 口 齐 全 端 子 色 差 视 频 输 入 铜 轴 光 钎 重 低 音 中 置 话 筒 左 右 环 绕 等 电 压 自 适 应 随 机 附 送 光 盘 产 品 已 通 过 认 证 证 书 编 号 执 行 标 准 有 意 者 邮 件 联 系,0.0
妇 科 囊 肿 不 开 刀 盆 腔 积 液 几 瓶 消 新 乡 市 花 园 妇 幼 门 诊 多 年 来 研 制 的 中 药 对 治 疗 妇 科 囊 肿 盆 腔 炎 附 件 炎 输 卵 管 炎 输 卵 管 阻 塞 不 孕 有 特 效 本 门 诊 开 展 多 种 妇 科 手 术 技 高 诚 信 优 质 安 全 无 痛 人 流 术 更 是 技 高 一 筹 就 象 睡 了 几 分 钟 妇 炎 二 号 名 声 在 外 不 少 人 千 里 买 药 真 是 谁 用 谁 知 道 祥 情 请 点 击 中 文 网 址 花 园 妇 幼 门 诊,0.0
真 的 太 好 了 这 个 软 件 可 以 合 成 文 字 随 便 你 输 入 什 么 内 容 他 都 能 够 合 成 有 男 声 和 甜 美 的 女 声 朗 读 速 度 可 以 随 便 调 节 还 可 以 保 存 合 成 好 的 语 音 文 件 以 后 你 看 新 闻 时 就 不 用 担 心 眼 睛 累 了 可 以 让 他 来 读 你 泡 杯 茶 坐 在 沙 发 上 听 彻 底 解 放 您 的 眼 睛 犒 劳 您 的 耳 朵 软 件 的 下 载 地 址 是 软 件 完 全 免 费,0.0
真 的 太 好 了 这 个 软 件 可 以 合 成 文 字 随 便 你 输 入 什 么 内 容 他 都 能 够 合 成 有 男 声 和 甜 美 的 女 声 朗 读 速 度 可 以 随 便 调 节 还 可 以 保 存 合 成 好 的 语 音 文 件 以 后 你 看 新 闻 时 就 不 用 担 心 眼 睛 累 了 可 以 让 他 来 读 你 泡 杯 茶 坐 在 沙 发 上 听 彻 底 解 放 您 的 眼 睛 犒 劳 您 的 耳 朵 软 件 的 下 载 地 址 是 软 件 完 全 免 费,0.0
解 决 了 一 千 多 年 来 二 胡 没 有 解 决 的 按 不 准 问 题 解 决 了 学 二 三 年 也 按 不 准 的 问 题 请 看 二 胡 对 初 学 者 来 所 最 大 的 难 度 是 音 准 不 好 掌 握 加 之 二 胡 的 琴 弦 与 琴 杆 之 间 的 距 离 狭 小 难 做 标 记 因 此 靠 上 一 点 靠 下 一 点 的 说 教 状 况 一 直 延 续 到 今 天 二 胡 一 按 准 的 产 生 是 二 胡 界 的 一 大 喜 讯 她 加 快 了 二 胡 的 学 习 步 伐,0.0
解 决 了 一 千 多 年 来 二 胡 没 有 解 决 的 按 不 准 问 题 解 决 了 学 二 三 年 也 按 不 准 的 问 题 请 看 二 胡 对 初 学 者 来 所 最 大 的 难 度 是 音 准 不 好 掌 握 加 之 二 胡 的 琴 弦 与 琴 杆 之 间 的 距 离 狭 小 难 做 标 记 因 此 靠 上 一 点 靠 下 一 点 的 说 教 状 况 一 直 延 续 到 今 天 二 胡 一 按 准 的 产 生 是 二 胡 界 的 一 大 喜 讯 她 加 快 了 二 胡 的 学 习 步 伐,0.0
解 决 了 一 千 多 年 来 二 胡 没 有 解 决 的 按 不 准 问 题 解 决 了 学 二 三 年 也 按 不 准 的 问 题 请 看 二 胡 对 初 学 者 来 所 最 大 的 难 度 是 音 准 不 好 掌 握 加 之 二 胡 的 琴 弦 与 琴 杆 之 间 的 距 离 狭 小 难 做 标 记 因 此 靠 上 一 点 靠 下 一 点 的 说 教 状 况 一 直 延 续 到 今 天 二 胡 一 按 准 的 产 生 是 二 胡 界 的 一 大 喜 讯 她 加 快 了 二 胡 的 学 习 步 伐,0.0
真 的 太 好 了 这 个 软 件 可 以 合 成 文 字 随 便 你 输 入 什 么 内 容 他 都 能 够 合 成 有 男 声 和 甜 美 的 女 声 朗 读 速 度 可 以 随 便 调 节 还 可 以 保 存 合 成 好 的 语 音 文 件 以 后 你 看 新 闻 时 就 不 用 担 心 眼 睛 累 了 可 以 让 他 来 读 你 泡 杯 茶 坐 在 沙 发 上 听 彻 底 解 放 您 的 眼 睛 犒 劳 您 的 耳 朵 软 件 的 下 载 地 址 是 软 件 完 全 免 费,0.0
解 决 了 一 千 多 年 来 二 胡 没 有 解 决 的 按 不 准 问 题 解 决 了 学 二 三 年 也 按 不 准 的 问 题 请 看 二 胡 对 初 学 者 来 所 最 大 的 难 度 是 音 准 不 好 掌 握 加 之 二 胡 的 琴 弦 与 琴 杆 之 间 的 距 离 狭 小 难 做 标 记 因 此 靠 上 一 点 靠 下 一 点 的 说 教 状 况 一 直 延 续 到 今 天 二 胡 一 按 准 的 产 生 是 二 胡 界 的 一 大 喜 讯 她 加 快 了 二 胡 的 学 习 步 伐,0.0
本 公 司 有 部 分 普 通 发 票 商 品 销 售 发 票 增 值 税 发 票 及 海 关 代 征 增 值 税 专 用 缴 款 书 及 其 它 服 务 行 业 发 票 公 路 内 河 运 输 发 票 可 以 以 低 税 率 为 贵 公 司 代 开 本 公 司 具 有 内 外 贸 生 意 实 力 保 证 我 司 开 具 的 票 据 的 真 实 性 希 望 可 以 合 作 共 同 发 展 敬 侯 您 的 来 电 洽 谈 咨 询 联 系 人 李 先 生 联 系 电 话 如 有 打 扰 望 谅 解 祝 商 琪,0.0
您 好 邮 件 无 法 发 送 到 您 指 定 的 地 址 该 邮 箱 内 存 储 信 件 过 多 已 超 出 所 限 制 的 使 用 空 间 无 法 再 接 收 新 邮 件 请 您 通 知 该 邮 箱 用 户 及 时 清 理 自 己 邮 箱 内 的 信 件 以 避 免 因 接 收 不 到 新 邮 件 而 带 来 的 不 必 要 的 损 失 谢 谢 您 的 配 合 附 件 中 的 内 容 是 原 信 件 的 一 份 拷 贝,0.0
卫 洗 丽 折 美 标 折 数 百 种 建 材 产 品 特 价 销 售 更 多 特 色 服 务 免 费 提 供 装 潢 预 算 装 潢 专 家 在 线 答 疑 数 千 张 装 潢 照 片 可 供 查 询 建 材 淘 宝 乐 超 特 价 满 载 数 百 种 建 材 产 品 组 织 团 购 欲 知 更 多 团 购 产 品 的 价 格 请 登 陆 网 站 还 会 广 大 网 友 提 供 在 线 答 疑 免 费 制 作 装 潢 预 算 等 帮 助 千 万 别 错 过 这 个 机 会,0.0
卫 洗 丽 折 美 标 折 数 百 种 建 材 产 品 特 价 销 售 更 多 特 色 服 务 免 费 提 供 装 潢 预 算 装 潢 专 家 在 线 答 疑 数 千 张 装 潢 照 片 可 供 查 询 建 材 淘 宝 乐 超 特 价 满 载 数 百 种 建 材 产 品 组 织 团 购 欲 知 更 多 团 购 产 品 的 价 格 请 登 陆 网 站 还 会 广 大 网 友 提 供 在 线 答 疑 免 费 制 作 装 潢 预 算 等 帮 助 千 万 别 错 过 这 个 机 会,0.0
卫 洗 丽 折 美 标 折 数 百 种 建 材 产 品 特 价 销 售 更 多 特 色 服 务 免 费 提 供 装 潢 预 算 装 潢 专 家 在 线 答 疑 数 千 张 装 潢 照 片 可 供 查 询 建 材 淘 宝 乐 超 特 价 满 载 数 百 种 建 材 产 品 组 织 团 购 欲 知 更 多 团 购 产 品 的 价 格 请 登 陆 网 站 还 会 广 大 网 友 提 供 在 线 答 疑 免 费 制 作 装 潢 预 算 等 帮 助 千 万 别 错 过 这 个 机 会,0.0
本 公 司 有 部 分 普 通 发 票 商 品 销 售 发 票 增 值 税 发 票 及 海 关 代 征 增 值 税 专 用 缴 款 书 及 其 它 服 务 行 业 发 票 公 路 内 河 运 输 发 票 可 以 以 低 税 率 为 贵 公 司 代 开 本 公 司 具 有 内 外 贸 生 意 实 力 保 证 我 司 开 具 的 票 据 的 真 实 性 希 望 可 以 合 作 共 同 发 展 敬 侯 您 的 来 电 洽 谈 咨 询 联 系 人 李 先 生 联 系 电 话 如 有 打 扰 望 谅 解 祝 商 琪,0.0
本 公 司 有 部 分 普 通 发 票 商 品 销 售 发 票 增 值 税 发 票 及 海 关 代 征 增 值 税 专 用 缴 款 书 及 其 它 服 务 行 业 发 票 公 路 内 河 运 输 发 票 可 以 以 低 税 率 为 贵 公 司 代 开 本 公 司 具 有 内 外 贸 生 意 实 力 保 证 我 司 开 具 的 票 据 的 真 实 性 希 望 可 以 合 作 共 同 发 展 敬 侯 您 的 来 电 洽 谈 咨 询 联 系 人 李 先 生 联 系 电 话 如 有 打 扰 望 谅 解 祝 商 琪,0.0
本 公 司 有 部 分 普 通 发 票 商 品 销 售 发 票 增 值 税 发 票 及 海 关 代 征 增 值 税 专 用 缴 款 书 及 其 它 服 务 行 业 发 票 公 路 内 河 运 输 发 票 可 以 以 低 税 率 为 贵 公 司 代 开 本 公 司 具 有 内 外 贸 生 意 实 力 保 证 我 司 开 具 的 票 据 的 真 实 性 希 望 可 以 合 作 共 同 发 展 敬 侯 您 的 来 电 洽 谈 咨 询 联 系 人 李 先 生 联 系 电 话 如 有 打 扰 望 谅 解 祝 商 琪,0.0
本 公 司 有 部 分 普 通 发 票 商 品 销 售 发 票 增 值 税 发 票 及 海 关 代 征 增 值 税 专 用 缴 款 书 及 其 它 服 务 行 业 发 票 公 路 内 河 运 输 发 票 可 以 以 低 税 率 为 贵 公 司 代 开 本 公 司 具 有 内 外 贸 生 意 实 力 保 证 我 司 开 具 的 票 据 的 真 实 性 希 望 可 以 合 作 共 同 发 展 敬 侯 您 的 来 电 洽 谈 咨 询 联 系 人 李 先 生 联 系 电 话 如 有 打 扰 望 谅 解 祝 商 琪,0.0
本 公 司 有 部 分 普 通 发 票 商 品 销 售 发 票 增 值 税 发 票 及 海 关 代 征 增 值 税 专 用 缴 款 书 及 其 它 服 务 行 业 发 票 公 路 内 河 运 输 发 票 可 以 以 低 税 率 为 贵 公 司 代 开 本 公 司 具 有 内 外 贸 生 意 实 力 保 证 我 司 开 具 的 票 据 的 真 实 性 希 望 可 以 合 作 共 同 发 展 敬 侯 您 的 来 电 洽 谈 咨 询 联 系 人 李 先 生 联 系 电 话 如 有 打 扰 望 谅 解 祝 商 琪,0.0
本 公 司 有 部 分 普 通 发 票 商 品 销 售 发 票 增 值 税 发 票 及 海 关 代 征 增 值 税 专 用 缴 款 书 及 其 它 服 务 行 业 发 票 公 路 内 河 运 输 发 票 可 以 以 低 税 率 为 贵 公 司 代 开 本 公 司 具 有 内 外 贸 生 意 实 力 保 证 我 司 开 具 的 票 据 的 真 实 性 希 望 可 以 合 作 共 同 发 展 敬 侯 您 的 来 电 洽 谈 咨 询 联 系 人 李 先 生 联 系 电 话 如 有 打 扰 望 谅 解 祝 商 琪,0.0
本 公 司 有 部 分 普 通 发 票 商 品 销 售 发 票 增 值 税 发 票 及 海 关 代 征 增 值 税 专 用 缴 款 书 及 其 它 服 务 行 业 发 票 公 路 内 河 运 输 发 票 可 以 以 低 税 率 为 贵 公 司 代 开 本 公 司 具 有 内 外 贸 生 意 实 力 保 证 我 司 开 具 的 票 据 的 真 实 性 希 望 可 以 合 作 共 同 发 展 敬 侯 您 的 来 电 洽 谈 咨 询 联 系 人 李 先 生 联 系 电 话 如 有 打 扰 望 谅 解 祝 商 琪,0.0
本 公 司 有 部 分 普 通 发 票 商 品 销 售 发 票 增 值 税 发 票 及 海 关 代 征 增 值 税 专 用 缴 款 书 及 其 它 服 务 行 业 发 票 公 路 内 河 运 输 发 票 可 以 以 低 税 率 为 贵 公 司 代 开 本 公 司 具 有 内 外 贸 生 意 实 力 保 证 我 司 开 具 的 票 据 的 真 实 性 希 望 可 以 合 作 共 同 发 展 敬 侯 您 的 来 电 洽 谈 咨 询 联 系 人 李 先 生 联 系 电 话 如 有 打 扰 望 谅 解 祝 商 琪,0.0
本 公 司 有 部 分 普 通 发 票 商 品 销 售 发 票 增 值 税 发 票 及 海 关 代 征 增 值 税 专 用 缴 款 书 及 其 它 服 务 行 业 发 票 公 路 内 河 运 输 发 票 可 以 以 低 税 率 为 贵 公 司 代 开 本 公 司 具 有 内 外 贸 生 意 实 力 保 证 我 司 开 具 的 票 据 的 真 实 性 希 望 可 以 合 作 共 同 发 展 敬 侯 您 的 来 电 洽 谈 咨 询 联 系 人 李 先 生 联 系 电 话 如 有 打 扰 望 谅 解 祝 商 琪,0.0
本 公 司 有 部 分 普 通 发 票 商 品 销 售 发 票 增 值 税 发 票 及 海 关 代 征 增 值 税 专 用 缴 款 书 及 其 它 服 务 行 业 发 票 公 路 内 河 运 输 发 票 可 以 以 低 税 率 为 贵 公 司 代 开 本 公 司 具 有 内 外 贸 生 意 实 力 保 证 我 司 开 具 的 票 据 的 真 实 性 希 望 可 以 合 作 共 同 发 展 敬 侯 您 的 来 电 洽 谈 咨 询 联 系 人 李 先 生 联 系 电 话 如 有 打 扰 望 谅 解 祝 商 琪,0.0
本 公 司 有 部 分 普 通 发 票 商 品 销 售 发 票 增 值 税 发 票 及 海 关 代 征 增 值 税 专 用 缴 款 书 及 其 它 服 务 行 业 发 票 公 路 内 河 运 输 发 票 可 以 以 低 税 率 为 贵 公 司 代 开 本 公 司 具 有 内 外 贸 生 意 实 力 保 证 我 司 开 具 的 票 据 的 真 实 性 希 望 可 以 合 作 共 同 发 展 敬 侯 您 的 来 电 洽 谈 咨 询 联 系 人 李 先 生 联 系 电 话 如 有 打 扰 望 谅 解 祝 商 琪,0.0
您 好 因 我 公 司 享 有 国 家 优 惠 政 策 纳 税 率 低 于 一 般 纳 税 公 司 为 了 贵 公 司 的 利 益 得 到 提 高 更 能 方 便 快 捷 的 开 到 税 务 发 票 现 长 期 对 外 代 开 各 种 发 票 如 商 品 销 售 服 务 建 材 运 输 广 告 等 欢 迎 贵 公 司 来 电 咨 询 或 在 网 上 联 系 谢 谢 打 扰 您 宝 贵 时 间 欢 迎 咨 询 广 州 纪 创 盛 实 业 有 限 公 司 联 系 人 李 嘉 华 联 系 电 话,0.0
网 址 电 话 网 站 制 作 复 制 你 所 见 的 网 站 就 是 你 的 网 上 家 园 为 您 提 供 最 可 靠 的 域 名 主 机 服 务 网 站 建 设 邮 件 群 发 百 度 首 页 推 广 发 广 告 服 务 等 网 址 电 话 价 格 全 国 最 低 客 户 就 是 上 帝 我 希 望 所 有 我 接 待 的 客 户 都 成 为 我 的 朋 友,0.0
网 址 电 话 网 站 制 作 复 制 你 所 见 的 网 站 就 是 你 的 网 上 家 园 为 您 提 供 最 可 靠 的 域 名 主 机 服 务 网 站 建 设 邮 件 群 发 百 度 首 页 推 广 发 广 告 服 务 等 网 址 电 话 价 格 全 国 最 低 客 户 就 是 上 帝 我 希 望 所 有 我 接 待 的 客 户 都 成 为 我 的 朋 友,0.0
您 好 因 我 公 司 享 有 国 家 优 惠 政 策 纳 税 率 低 于 一 般 纳 税 公 司 为 了 贵 公 司 的 利 益 得 到 提 高 更 能 方 便 快 捷 的 开 到 税 务 发 票 现 长 期 对 外 代 开 各 种 发 票 如 商 品 销 售 服 务 建 材 运 输 广 告 等 欢 迎 贵 公 司 来 电 咨 询 或 在 网 上 联 系 谢 谢 打 扰 您 宝 贵 时 间 欢 迎 咨 询 广 州 纪 创 盛 实 业 有 限 公 司 联 系 人 李 嘉 华 联 系 电 话,0.0
您 好 因 我 公 司 享 有 国 家 优 惠 政 策 纳 税 率 低 于 一 般 纳 税 公 司 为 了 贵 公 司 的 利 益 得 到 提 高 更 能 方 便 快 捷 的 开 到 税 务 发 票 现 长 期 对 外 代 开 各 种 发 票 如 商 品 销 售 服 务 建 材 运 输 广 告 等 欢 迎 贵 公 司 来 电 咨 询 或 在 网 上 联 系 谢 谢 打 扰 您 宝 贵 时 间 欢 迎 咨 询 广 州 纪 创 盛 实 业 有 限 公 司 联 系 人 李 嘉 华 联 系 电 话,0.0
贵 公 司 财 务 经 理 本 公 司 是 深 圳 市 海 天 实 业 有 限 公 司 成 立 于 深 圳 多 年 有 良 好 的 贸 易 信 誉 长 期 为 各 大 公 司 代 开 电 脑 发 票 和 各 种 地 税 发 票 广 告 运 输 建 筑 安 装 服 务 行 业 价 格 优 惠 并 以 和 各 大 公 司 长 期 合 作 为 目 的 承 诺 所 开 发 票 可 到 税 务 抵 扣 验 证 欢 迎 有 意 着 来 电 咨 询 联 系 电 话 联 系 人 张 永 健 深 圳 市 海 天 实 业 有 限 公 司,0.0
网 址 电 话 网 站 制 作 复 制 你 所 见 的 网 站 就 是 你 的 网 上 家 园 为 您 提 供 最 可 靠 的 域 名 主 机 服 务 网 站 建 设 邮 件 群 发 百 度 首 页 推 广 发 广 告 服 务 等 网 址 电 话 价 格 全 国 最 低 客 户 就 是 上 帝 我 希 望 所 有 我 接 待 的 客 户 都 成 为 我 的 朋 友,0.0
本 公 司 有 部 分 普 通 发 票 商 品 销 售 发 票 增 值 税 发 票 及 海 关 代 征 增 值 税 专 用 缴 款 书 及 其 它 服 务 行 业 发 票 公 路 内 河 运 输 发 票 可 以 以 低 税 率 为 贵 公 司 代 开 本 公 司 具 有 内 外 贸 生 意 实 力 保 证 我 司 开 具 的 票 据 的 真 实 性 希 望 可 以 合 作 共 同 发 展 敬 侯 您 的 来 电 洽 谈 咨 询 联 系 人 李 先 生 联 系 电 话 如 有 打 扰 望 谅 解 祝 商 琪,0.0
卫 洗 丽 折 美 标 折 数 百 种 建 材 产 品 特 价 销 售 更 多 特 色 服 务 免 费 提 供 装 潢 预 算 装 潢 专 家 在 线 答 疑 数 千 张 装 潢 照 片 可 供 查 询 建 材 淘 宝 乐 超 特 价 满 载 数 百 种 建 材 产 品 组 织 团 购 欲 知 更 多 团 购 产 品 的 价 格 请 登 陆 网 站 还 会 广 大 网 友 提 供 在 线 答 疑 免 费 制 作 装 潢 预 算 等 帮 助 千 万 别 错 过 这 个 机 会,0.0
你 需 要 成 人 用 品 吗 就 要 你 爱 神 成 人 用 品 商 城 会 满 足 你 的 一 切 大 类 产 品 千 余 种 商 品 应 有 尽 有 价 格 最 为 优 惠 男 女 器 具 充 气 娃 娃 男 性 增 大 调 情 用 品 后 庭 用 品 催 情 用 品 壮 阳 延 时 丰 乳 美 阴 美 体 隐 性 胸 罩 情 趣 内 衣 系 列 避 孕 防 病 润 滑 保 健 食 品 保 健 器 械 光 盘 系 列 群 发 软 件 保 密 邮 寄,0.0
本 公 司 广 州 齐 联 为 了 回 收 部 分 税 金 现 有 结 余 的 国 税 普 通 发 票 运 输 发 票 及 其 它 服 务 业 发 票 等 发 票 向 贵 厂 家 公 司 代 开 发 票 以 开 票 金 额 的 左 右 收 取 费 用 所 开 票 据 可 先 验 证 后 付 款 详 细 情 况 请 电 粱 生 祝 商 祺 邮 件 系 统 免 费 下 载 终 身 可 用,0.0
本 公 司 广 州 齐 联 为 了 回 收 部 分 税 金 现 有 结 余 的 国 税 普 通 发 票 运 输 发 票 及 其 它 服 务 业 发 票 等 发 票 向 贵 厂 家 公 司 代 开 发 票 以 开 票 金 额 的 左 右 收 取 费 用 所 开 票 据 可 先 验 证 后 付 款 详 细 情 况 请 电 粱 生 祝 商 祺 邮 件 系 统 免 费 下 载 终 身 可 用,0.0
本 公 司 广 州 齐 联 为 了 回 收 部 分 税 金 现 有 结 余 的 国 税 普 通 发 票 运 输 发 票 及 其 它 服 务 业 发 票 等 发 票 向 贵 厂 家 公 司 代 开 发 票 以 开 票 金 额 的 左 右 收 取 费 用 所 开 票 据 可 先 验 证 后 付 款 详 细 情 况 请 电 粱 生 祝 商 祺 邮 件 系 统 免 费 下 载 终 身 可 用,0.0
本 公 司 广 州 齐 联 为 了 回 收 部 分 税 金 现 有 结 余 的 国 税 普 通 发 票 运 输 发 票 及 其 它 服 务 业 发 票 等 发 票 向 贵 厂 家 公 司 代 开 发 票 以 开 票 金 额 的 左 右 收 取 费 用 所 开 票 据 可 先 验 证 后 付 款 详 细 情 况 请 电 粱 生 祝 商 祺 邮 件 系 统 免 费 下 载 终 身 可 用,0.0
本 公 司 广 州 齐 联 为 了 回 收 部 分 税 金 现 有 结 余 的 国 税 普 通 发 票 运 输 发 票 及 其 它 服 务 业 发 票 等 发 票 向 贵 厂 家 公 司 代 开 发 票 以 开 票 金 额 的 左 右 收 取 费 用 所 开 票 据 可 先 验 证 后 付 款 详 细 情 况 请 电 粱 生 祝 商 祺 邮 件 系 统 免 费 下 载 终 身 可 用,0.0
贵 公 司 经 理 你 好 本 公 司 为 广 州 市 荣 兴 贸 易 有 限 公 司 本 着 双 方 公 司 利 益 的 出 发 点 可 向 外 代 开 普 通 国 地 税 发 票 商 品 销 售 发 票 运 输 发 票 餐 饮 发 票 广 告 发 票 服 务 行 业 等 等 普 通 发 票 只 收 个 税 点 如 贵 公 司 在 这 方 面 上 有 需 要 可 来 电 咨 询 欢 迎 诚 意 的 合 作 联 系 人 唐 娜 联 系 电 话 联 系 手 机,0.0
贵 公 司 财 务 经 理 您 好 本 公 司 为 广 州 市 鸿 新 贸 易 有 限 公 司 本 着 为 双 方 公 司 利 益 的 出 发 点 可 向 外 代 开 普 通 国 地 税 发 票 如 贵 公 司 在 进 出 项 或 做 帐 上 有 这 方 面 需 要 可 来 电 咨 询 欢 迎 诚 意 的 合 作 联 系 人 高 先 生 联 系 手 机 顺 祝 商 祺 本 公 司 承 诺 先 验 票 后 付 款 本 公 司 软 件 设 置 定 时 发 送 本 邮 件 如 有 打 扰 深 表 歉 意,0.0
美 酒 杂 志 及 其 所 属 的 时 尚 美 酒 网 站 是 国 内 唯 一 一 家 公 开 发 行 的 立 足 消 费 者 的 酒 文 化 原 创 平 台 网 站 免 费 为 企 业 刊 登 各 类 企 业 及 产 品 资 讯 文 章 稿 件 请 赐 稿 未 尽 事 宜 请 随 时 沟 通 多 谢 合 作 网 址 致 礼 邮 件 系 统 免 费 下 载 终 身 可 用,0.0
美 酒 杂 志 及 其 所 属 的 时 尚 美 酒 网 站 是 国 内 唯 一 一 家 公 开 发 行 的 立 足 消 费 者 的 酒 文 化 原 创 平 台 网 站 免 费 为 企 业 刊 登 各 类 企 业 及 产 品 资 讯 文 章 稿 件 请 赐 稿 未 尽 事 宜 请 随 时 沟 通 多 谢 合 作 网 址 致 礼 邮 件 系 统 免 费 下 载 终 身 可 用,0.0
美 酒 杂 志 及 其 所 属 的 时 尚 美 酒 网 站 是 国 内 唯 一 一 家 公 开 发 行 的 立 足 消 费 者 的 酒 文 化 原 创 平 台 网 站 免 费 为 企 业 刊 登 各 类 企 业 及 产 品 资 讯 文 章 稿 件 请 赐 稿 未 尽 事 宜 请 随 时 沟 通 多 谢 合 作 网 址 致 礼 邮 件 系 统 免 费 下 载 终 身 可 用,0.0
美 酒 杂 志 及 其 所 属 的 时 尚 美 酒 网 站 是 国 内 唯 一 一 家 公 开 发 行 的 立 足 消 费 者 的 酒 文 化 原 创 平 台 网 站 免 费 为 企 业 刊 登 各 类 企 业 及 产 品 资 讯 文 章 稿 件 请 赐 稿 未 尽 事 宜 请 随 时 沟 通 多 谢 合 作 网 址 致 礼 邮 件 系 统 免 费 下 载 终 身 可 用,0.0
美 酒 杂 志 及 其 所 属 的 时 尚 美 酒 网 站 是 国 内 唯 一 一 家 公 开 发 行 的 立 足 消 费 者 的 酒 文 化 原 创 平 台 网 站 免 费 为 企 业 刊 登 各 类 企 业 及 产 品 资 讯 文 章 稿 件 请 赐 稿 未 尽 事 宜 请 随 时 沟 通 多 谢 合 作 网 址 致 礼 邮 件 系 统 免 费 下 载 终 身 可 用,0.0
美 酒 杂 志 及 其 所 属 的 时 尚 美 酒 网 站 是 国 内 唯 一 一 家 公 开 发 行 的 立 足 消 费 者 的 酒 文 化 原 创 平 台 网 站 免 费 为 企 业 刊 登 各 类 企 业 及 产 品 资 讯 文 章 稿 件 请 赐 稿 未 尽 事 宜 请 随 时 沟 通 多 谢 合 作 网 址 致 礼 邮 件 系 统 免 费 下 载 终 身 可 用,0.0
美 酒 杂 志 及 其 所 属 的 时 尚 美 酒 网 站 是 国 内 唯 一 一 家 公 开 发 行 的 立 足 消 费 者 的 酒 文 化 原 创 平 台 网 站 免 费 为 企 业 刊 登 各 类 企 业 及 产 品 资 讯 文 章 稿 件 请 赐 稿 未 尽 事 宜 请 随 时 沟 通 多 谢 合 作 网 址 致 礼 邮 件 系 统 免 费 下 载 终 身 可 用,0.0
美 酒 杂 志 及 其 所 属 的 时 尚 美 酒 网 站 是 国 内 唯 一 一 家 公 开 发 行 的 立 足 消 费 者 的 酒 文 化 原 创 平 台 网 站 免 费 为 企 业 刊 登 各 类 企 业 及 产 品 资 讯 文 章 稿 件 请 赐 稿 未 尽 事 宜 请 随 时 沟 通 多 谢 合 作 网 址 致 礼 邮 件 系 统 免 费 下 载 终 身 可 用,0.0
美 酒 杂 志 及 其 所 属 的 时 尚 美 酒 网 站 是 国 内 唯 一 一 家 公 开 发 行 的 立 足 消 费 者 的 酒 文 化 原 创 平 台 网 站 免 费 为 企 业 刊 登 各 类 企 业 及 产 品 资 讯 文 章 稿 件 请 赐 稿 未 尽 事 宜 请 随 时 沟 通 多 谢 合 作 网 址 致 礼 邮 件 系 统 免 费 下 载 终 身 可 用,0.0
美 酒 杂 志 及 其 所 属 的 时 尚 美 酒 网 站 是 国 内 唯 一 一 家 公 开 发 行 的 立 足 消 费 者 的 酒 文 化 原 创 平 台 网 站 免 费 为 企 业 刊 登 各 类 企 业 及 产 品 资 讯 文 章 稿 件 请 赐 稿 未 尽 事 宜 请 随 时 沟 通 多 谢 合 作 网 址 致 礼 邮 件 系 统 免 费 下 载 终 身 可 用,0.0
美 酒 杂 志 及 其 所 属 的 时 尚 美 酒 网 站 是 国 内 唯 一 一 家 公 开 发 行 的 立 足 消 费 者 的 酒 文 化 原 创 平 台 网 站 免 费 为 企 业 刊 登 各 类 企 业 及 产 品 资 讯 文 章 稿 件 请 赐 稿 未 尽 事 宜 请 随 时 沟 通 多 谢 合 作 网 址 致 礼 邮 件 系 统 免 费 下 载 终 身 可 用,0.0
美 酒 杂 志 及 其 所 属 的 时 尚 美 酒 网 站 是 国 内 唯 一 一 家 公 开 发 行 的 立 足 消 费 者 的 酒 文 化 原 创 平 台 网 站 免 费 为 企 业 刊 登 各 类 企 业 及 产 品 资 讯 文 章 稿 件 请 赐 稿 未 尽 事 宜 请 随 时 沟 通 多 谢 合 作 网 址 致 礼 邮 件 系 统 免 费 下 载 终 身 可 用,0.0
美 酒 杂 志 及 其 所 属 的 时 尚 美 酒 网 站 是 国 内 唯 一 一 家 公 开 发 行 的 立 足 消 费 者 的 酒 文 化 原 创 平 台 网 站 免 费 为 企 业 刊 登 各 类 企 业 及 产 品 资 讯 文 章 稿 件 请 赐 稿 未 尽 事 宜 请 随 时 沟 通 多 谢 合 作 网 址 致 礼 邮 件 系 统 免 费 下 载 终 身 可 用,0.0
本 公 司 有 部 分 普 通 发 票 商 品 销 售 发 票 增 值 税 发 票 及 海 关 代 征 增 值 税 专 用 缴 款 书 及 其 它 服 务 行 业 发 票 公 路 内 河 运 输 发 票 可 以 以 低 税 率 为 贵 公 司 代 开 本 公 司 具 有 内 外 贸 生 意 实 力 保 证 我 司 开 具 的 票 据 的 真 实 性 希 望 可 以 合 作 共 同 发 展 敬 侯 您 的 来 电 洽 谈 咨 询 联 系 人 李 先 生 联 系 电 话 如 有 打 扰 望 谅 解 祝 商 琪,0.0
本 公 司 有 部 分 普 通 发 票 商 品 销 售 发 票 增 值 税 发 票 及 海 关 代 征 增 值 税 专 用 缴 款 书 及 其 它 服 务 行 业 发 票 公 路 内 河 运 输 发 票 可 以 以 低 税 率 为 贵 公 司 代 开 本 公 司 具 有 内 外 贸 生 意 实 力 保 证 我 司 开 具 的 票 据 的 真 实 性 希 望 可 以 合 作 共 同 发 展 敬 侯 您 的 来 电 洽 谈 咨 询 联 系 人 李 先 生 联 系 电 话 如 有 打 扰 望 谅 解 祝 商 琪,0.0
本 公 司 有 部 分 普 通 发 票 商 品 销 售 发 票 增 值 税 发 票 及 海 关 代 征 增 值 税 专 用 缴 款 书 及 其 它 服 务 行 业 发 票 公 路 内 河 运 输 发 票 可 以 以 低 税 率 为 贵 公 司 代 开 本 公 司 具 有 内 外 贸 生 意 实 力 保 证 我 司 开 具 的 票 据 的 真 实 性 希 望 可 以 合 作 共 同 发 展 敬 侯 您 的 来 电 洽 谈 咨 询 联 系 人 李 先 生 联 系 电 话 如 有 打 扰 望 谅 解 祝 商 琪,0.0
